client_id|name|address
10000|Placerat Incorporated|8926 Ipsum. Street
10001|Ut Quam Vel Limited|8005 Convallis, St.
10002|Duis Cursus Industries|P.O. Box 361, 1365 In Avenue
10003|Mauris Quis Consulting|P.O. Box 865, 3969 Sit Rd.
10004|Integer Vitae Nibh PC|P.O. Box 687, 4256 Feugiat. Avenue
10005|Dui Nec Urna Consulting|205 Vestibulum Av.
10006|Gravida Molestie Industries|P.O. Box 366, 1729 Et Road
10007|Accumsan Convallis Limited|162-4639 Tristique Ave
10008|Eu Arcu Morbi LLC|5496 Euismod Av.
10009|Pellentesque Ut Ipsum Associates|P.O. Box 526, 9310 Et Rd.
10010|Condimentum LLP|150-7105 Dui Av.
10011|Ac Turpis Consulting|Ap #638-7962 Aliquam Rd.
10012|Quisque Institute|161-7355 Donec St.
10013|Egestas Aliquam Nec LLP|1720 Magna. Avenue
10014|Scelerisque Neque Sed Consulting|P.O. Box 165, 6188 Pharetra. Street
10015|Ultricies Adipiscing Enim Corporation|P.O. Box 356, 6075 Gravida Road
10016|Donec At Arcu Corporation|Ap #809-165 Accumsan Road
10017|Risus Quisque Industries|Ap #683-7477 Purus. Avenue
10018|Semper Company|P.O. Box 908, 9397 Hendrerit. Road
10019|Netus Et Malesuada Consulting|1616 Nulla. Street
10020|Aliquet Phasellus LLP|569-619 Orci. Road
10021|Nunc Ltd|Ap #566-619 Magna Road
10022|Quam Dignissim Consulting|P.O. Box 215, 8986 Semper Av.
10023|Malesuada Malesuada Corporation|431-3702 A Ave
10024|Rutrum Foundation|Ap #337-5318 Mollis. Rd.
10025|Est Associates|P.O. Box 424, 6826 Cursus Avenue
10026|Purus Accumsan LLP|852-4496 Nascetur Street
10027|Montes LLP|Ap #912-6044 Sed Street
10028|Mauris Ipsum Porta Incorporated|6653 Volutpat Street
10029|Fusce Dolor Quam Ltd|P.O. Box 980, 9912 Amet Road
10030|Vestibulum Accumsan Neque Corporation|Ap #229-9980 Eget Rd.
10031|Nunc Risus Varius Corp.|P.O. Box 433, 2512 Fermentum Rd.
10032|Sodales Purus In Corp.|990 Et St.
10033|Adipiscing Consulting|391-9511 Sit St.
10034|Neque Venenatis Corporation|2177 Augue St.
10035|Aenean Gravida Nunc Incorporated|407-9524 Quam Street
10036|Dictum Associates|2967 Magna. Road
10037|Et Rutrum Eu Corp.|9001 Massa. Road
10038|Libero Lacus Corp.|Ap #333-6406 Vestibulum Rd.
10039|Tristique Senectus Associates|Ap #507-7882 Neque St.
10040|Cras Eu Tellus PC|Ap #994-5706 Et Rd.
10041|Dolor Donec Inc.|3948 Erat Ave
10042|Nulla LLC|Ap #955-4232 Ridiculus St.
10043|Iaculis Quis Limited|263-3487 Elit, Rd.
10044|Pretium Aliquet Company|143-3034 Ante Street
10045|Montes Incorporated|Ap #612-7573 Vivamus Road
10046|Amet Faucibus Consulting|208-2796 Quisque Ave
10047|Venenatis Vel Ltd|886-151 In Av.
10048|Elementum Purus Accumsan LLP|7086 Eget St.
10049|Sem Semper Erat Incorporated|Ap #735-2842 Risus Avenue
10050|Neque Pellentesque Corp.|P.O. Box 247, 1042 Tincidunt Rd.
10051|Morbi Corp.|Ap #865-8075 Risus. Av.
10052|Mi Inc.|313-952 Elit, Rd.
10053|Massa Rutrum Inc.|P.O. Box 444, 382 Ante St.
10054|Semper Tellus LLC|957-8251 Nisl. St.
10055|Dignissim Limited|P.O. Box 786, 5085 Imperdiet Street
10056|Commodo Consulting|Ap #348-3002 Faucibus Avenue
10057|Dui Company|1700 Posuere Road
10058|Faucibus Ut Inc.|419-5451 Consectetuer Ave
10059|Turpis Consulting|2178 Proin Street
10060|Nibh Lacinia LLP|996-3736 Ornare, Rd.
10061|Ut Nisi A Corporation|P.O. Box 731, 8288 Velit Av.
10062|Aenean Limited|2632 Ante St.
10063|Per Consulting|Ap #928-1269 Ullamcorper. Ave
10064|Tincidunt Aliquam Arcu Corp.|5236 Sagittis Road
10065|Nulla Inc.|Ap #252-359 Elit Road
10066|Sed PC|P.O. Box 925, 3604 Consectetuer Rd.
10067|Porttitor Tellus Industries|2741 Sed Av.
10068|Laoreet Ipsum Curabitur Company|4987 Quisque St.
10069|Luctus Felis Purus LLP|Ap #206-163 Eleifend St.
10070|Duis Elementum Foundation|6829 Nulla Road
10071|Aliquet Sem Ut Corporation|151 Metus Av.
10072|Sit Inc.|788-3696 A Av.
10073|Convallis Ligula Limited|1228 Ac Road
10074|Enim Etiam Gravida Corp.|5609 Sit Rd.
10075|Sapien Gravida Company|524-5882 Sem Rd.
10076|Cursus A Enim Associates|Ap #854-7570 Cras Street
10077|Luctus Lobortis Class Institute|P.O. Box 528, 6812 Ut Road
10078|Rutrum Lorem Ac Foundation|3721 Egestas. St.
10079|Eros Institute|296-5957 Per Avenue
10080|Leo Elementum Ltd|224-3250 Odio. Avenue
10081|Sed Company|739-3355 Lacus. St.
10082|Cursus PC|222-3818 Faucibus Rd.
10083|Phasellus At Ltd|P.O. Box 891, 3614 Velit Rd.
10084|Mi Corporation|713-2524 Sit Avenue
10085|Non Luctus Sit Consulting|Ap #153-6786 Imperdiet St.
10086|Imperdiet Ornare In Corp.|P.O. Box 491, 9398 Et Road
10087|Mi Inc.|P.O. Box 252, 2979 Dis St.
10088|Diam At Company|Ap #331-4492 Tempus Ave
10089|Nulla Cras Eu Company|620-1591 Fermentum Ave
10090|Ornare Libero Associates|Ap #390-2884 Suscipit St.
10091|Elit Pretium Et Foundation|433-5379 Tempor, Rd.
10092|Tellus Suspendisse Incorporated|P.O. Box 248, 7012 Ut, Av.
10093|Dolor Egestas Rhoncus Company|2180 Purus Road
10094|Nisi Mauris Nulla PC|Ap #222-8737 Donec St.
10095|Ut Cursus Luctus Foundation|P.O. Box 220, 9160 At, St.
10096|Nec LLP|8093 Amet, Ave
10097|Felis Adipiscing Fringilla PC|Ap #270-1041 Felis Avenue
10098|Urna Ut Incorporated|Ap #651-7078 Non, St.
10099|Elit Fermentum Risus Corp.|8028 Ut Rd.