employee_id|first_name|last_name|address
10000|Yoshio|Gates|714-6622 Proin Av.
10001|Dacey|Ramos|108-8869 Ullamcorper Rd.
10002|Lila|Winters|823-7934 Fusce Street
10003|Herrod|Johnson|4081 Amet St.
10004|Clayton|Humphrey|691-4934 Turpis. Rd.
10005|Sophia|Hendricks|P.O. Box 731, 7580 Vel Rd.
10006|Plato|Boyd|Ap #824-3236 Lorem, Avenue
10007|Heather|Buckley|Ap #993-9190 Enim. Ave
10008|Eaton|Yates|935-7737 Tincidunt Rd.
10009|Carol|Conway|Ap #491-1582 Nunc Av.
10010|Karina|Torres|P.O. Box 445, 2006 Neque. Rd.
10011|Zelda|Ayers|Ap #920-1815 Nunc Av.
10012|Leandra|Stone|3635 Magna. Rd.
10013|Alden|Sanford|P.O. Box 169, 9728 Non St.
10014|Karly|Blankenship|447-7530 Nunc Road
10015|Merrill|Finch|P.O. Box 633, 9455 Eleifend Rd.
10016|Lance|Briggs|P.O. Box 311, 1653 Nibh Rd.
10017|Mira|Williamson|Ap #952-4964 Sit St.
10018|Christian|Tyler|P.O. Box 205, 9063 Scelerisque Av.
10019|Hyacinth|Merrill|520-2371 Malesuada Street
10020|Evangeline|Perry|1870 Turpis St.
10021|Ahmed|Ayala|P.O. Box 931, 4678 Dui Rd.
10022|Samuel|Rowland|P.O. Box 609, 4685 Dapibus Rd.
10023|Ifeoma|Hodge|629-3637 Mauris. Street
10024|Ignacia|Ortega|912-2925 Nulla Av.
10025|Orlando|Keller|Ap #321-3238 Urna. St.
10026|Lee|Raymond|313 Mollis Av.
10027|Lisandra|Austin|648-748 Suspendisse Av.
10028|Ivory|Fields|Ap #594-3032 Tempor St.
10029|Luke|Lyons|9312 Eu Street
10030|Naida|Kelley|P.O. Box 808, 7326 Dis St.
10031|Harrison|Rasmussen|3223 Lobortis Rd.
10032|Maris|Holloway|Ap #456-801 A, Street
10033|Paula|Adkins|Ap #635-188 Massa Street
10034|Jordan|Velez|218 Enim Road
10035|Roth|Christensen|P.O. Box 623, 2980 Orci. Av.
10036|Rebecca|Blankenship|P.O. Box 868, 1257 Sollicitudin Av.
10037|Delilah|Jacobson|Ap #470-4840 Sem Street
10038|Hedwig|Johnston|454-8126 Id Av.
10039|Arsenio|Foreman|Ap #682-9241 Eu Rd.
10040|Chastity|Barrett|P.O. Box 398, 8464 A, Av.
10041|Oliver|Hughes|813-1032 Sem Av.
10042|Colorado|Boyer|3299 Tellus Road
10043|Taylor|Malone|Ap #213-7784 Lacus. Avenue
10044|Quon|Morgan|P.O. Box 134, 2957 Dui, Rd.
10045|Vielka|Tillman|516-7595 Nibh St.
10046|Kyla|Soto|Ap #962-9446 Tempus Ave