name|description
nunc|hendrerit. Donec porttitor tellus non
tristique|sapien. Aenean massa. Integer vitae nibh. Donec est mauris, rhoncus
vitae,|Nullam scelerisque neque
est|Mauris eu turpis. Nulla aliquet. Proin velit. Sed malesuada
lobortis|et, eros.
odio.|pede. Suspendisse dui. Fusce diam nunc,
Nam|porttitor eros nec
auctor|gravida non, sollicitudin a, malesuada id, erat. Etiam vestibulum massa
a,|Nam interdum enim non nisi.
diam|amet orci. Ut sagittis lobortis mauris. Suspendisse aliquet molestie
tellus|consectetuer mauris id sapien. Cras dolor dolor,
Donec|id enim. Curabitur massa. Vestibulum accumsan neque
eros|rutrum. Fusce dolor quam,