item_id|name|description|quantity
10000|justo|bibendum. Donec felis|1178
10001|id,|elementum sem, vitae aliquam|6421
10002|nunc|netus et malesuada fames ac turpis egestas.|9556
10003|sit|Integer|7601
10004|sociis|sit amet risus. Donec egestas. Aliquam nec enim.|8682
10005|amet|magna.|688
10006|arcu.|penatibus et magnis dis parturient montes, nascetur ridiculus mus.|291
10007|luctus|a, malesuada|8592
10008|Sed|nisl sem, consequat nec, mollis vitae, posuere at, velit.|5423
10009|sem|nonummy ut, molestie in, tempus eu,|3603
10010|amet|pede. Praesent eu dui. Cum sociis natoque|9994
10011|faucibus|a, dui. Cras pellentesque. Sed dictum.|2459
10012|Sed|Sed id risus quis diam luctus lobortis. Class aptent|8749
10013|gravida|ornare tortor at risus.|7703
10014|tristique|vel est tempor bibendum. Donec felis orci,|6405
10015|vitae,|luctus sit amet, faucibus ut, nulla.|5648
10016|magna.|condimentum. Donec at arcu. Vestibulum ante ipsum primis in|7649
10017|Suspendisse|a nunc. In at pede. Cras vulputate|3951
10018|posuere|Curabitur massa. Vestibulum accumsan neque et nunc.|8352
10019|eget|eget nisi dictum augue malesuada malesuada. Integer id magna et|725
10020|nec,|euismod|2993
10021|dignissim|eleifend|8618
10022|erat|felis.|1505
10023|sollicitudin|accumsan convallis,|8086
10024|nec,|sagittis felis. Donec tempor, est ac mattis semper, dui lectus|813
10025|nec,|volutpat ornare, facilisis|8993
10026|magna.|justo nec ante. Maecenas mi felis,|8454
10027|sed|Proin mi.|561
10028|In|eu neque pellentesque massa lobortis ultrices. Vivamus|7116
10029|tincidunt|non quam. Pellentesque habitant|4892
10030|nibh.|Nullam|8618
10031|Donec|ligula. Nullam feugiat placerat velit. Quisque varius. Nam|5091
10032|pharetra,|sed pede nec ante blandit viverra. Donec tempus,|5417
10033|enim.|neque venenatis lacus. Etiam bibendum fermentum metus. Aenean sed pede|5153
10034|augue|arcu. Vestibulum ante ipsum primis in faucibus orci|3996
10035|elit|lobortis. Class aptent taciti|2087
10036|nibh|et tristique pellentesque, tellus|8559
10037|urna|laoreet lectus quis massa. Mauris vestibulum, neque|3369
10038|dui|non|656
10039|Phasellus|rhoncus. Nullam velit dui, semper et, lacinia|6697
10040|dui|Etiam bibendum fermentum metus. Aenean sed pede|2347
10041|nisi.|eu, ligula. Aenean euismod mauris eu|2759
10042|magna,|placerat. Cras dictum ultricies ligula. Nullam|3693
10043|Nullam|mauris ipsum porta elit, a feugiat tellus lorem|8249
10044|feugiat|Ut sagittis lobortis|3243
10045|dui.|rhoncus. Proin nisl|2988
10046|et|mauris, rhoncus id, mollis nec, cursus a, enim.|7475
10047|nulla|risus.|4580
10048|leo,|dolor sit amet,|5947
10049|fringilla|felis ullamcorper viverra. Maecenas iaculis|9070
10050|vulputate|semper rutrum. Fusce|3310
10051|pretium|et magnis dis|5159
10052|Morbi|Nunc mauris elit, dictum|8436
10053|vehicula|id, libero. Donec consectetuer mauris id sapien.|4512
10054|sociis|in, dolor. Fusce feugiat. Lorem ipsum|5608
10055|et,|sed|5673
10056|parturient|nonummy ut, molestie in, tempus eu, ligula. Aenean euismod|1527
10057|Phasellus|ullamcorper, velit|7084
10058|cursus|massa. Quisque porttitor eros nec tellus. Nunc lectus|1150
10059|molestie|venenatis vel, faucibus id, libero. Donec consectetuer mauris|358
10060|nulla.|sem eget massa. Suspendisse eleifend. Cras sed|4403
10061|erat|pellentesque.|9049
10062|eget|sapien, gravida|8693
10063|cubilia|vestibulum massa rutrum magna. Cras convallis convallis|9393
10064|imperdiet|sed pede. Cum sociis|3657
10065|Pellentesque|Vestibulum ante ipsum primis in faucibus orci|5107
10066|lobortis|ut eros|1570
10067|tortor.|eget laoreet posuere, enim|6028
10068|nulla|Ut tincidunt orci quis lectus. Nullam suscipit, est ac facilisis|8695
10069|commodo|lorem ut aliquam iaculis, lacus pede sagittis augue,|7256
10070|eros|Praesent eu dui.|5280
10071|enim|Ut|2352
10072|Donec|arcu.|9606
10073|tincidunt,|Fusce diam nunc, ullamcorper eu, euismod|8066
10074|Phasellus|risus|8743
10075|ridiculus|Cras interdum. Nunc sollicitudin commodo ipsum. Suspendisse non|1300
10076|dapibus|viverra. Donec tempus, lorem fringilla ornare placerat, orci|476
10077|tristique|Aenean sed pede nec ante blandit|5983
10078|mauris|et libero. Proin mi.|493
10079|Pellentesque|est mauris, rhoncus id, mollis nec, cursus a, enim.|2860
10080|a|ultrices posuere cubilia Curae|4604
10081|Ut|quam, elementum at, egestas a, scelerisque sed, sapien.|5574
10082|metus|a tortor. Nunc commodo auctor velit. Aliquam nisl. Nulla|569
10083|luctus|Nullam lobortis quam a felis ullamcorper viverra.|2143
10084|mauris|at, libero. Morbi accumsan laoreet|4588
10085|Nulla|Cras pellentesque. Sed dictum. Proin eget odio.|8756
10086|massa.|Quisque imperdiet, erat|5019
10087|egestas|lacus, varius|8780
10088|dolor,|risus. Morbi metus. Vivamus euismod urna. Nullam lobortis quam a|8710
10089|leo|elit, pharetra ut, pharetra sed, hendrerit a, arcu. Sed|6310
10090|commodo|dictum placerat, augue. Sed molestie. Sed id risus quis|5086
10091|In|morbi tristique senectus et netus et|8783
10092|enim|vulputate ullamcorper magna.|8664
10093|ut,|mauris sagittis placerat. Cras dictum|2338
10094|non,|Maecenas malesuada fringilla est. Mauris eu|2859
10095|orci|molestie sodales. Mauris blandit|2506
10096|facilisis.|est ac mattis semper, dui lectus rutrum urna, nec|7340
10097|semper|Proin ultrices. Duis volutpat nunc|1315
10098|ridiculus|sem elit, pharetra ut, pharetra sed,|3084
10099|risus.|posuere at, velit. Cras lorem lorem, luctus|5684
10100|Mauris|ac, eleifend vitae, erat. Vivamus|5375
10101|diam|Aenean sed|8412
10102|ridiculus|vehicula. Pellentesque tincidunt|4980
10103|porttitor|Maecenas iaculis aliquet diam. Sed|4583
10104|amet|convallis erat, eget tincidunt dui|3814
10105|purus|ut eros non enim commodo hendrerit. Donec porttitor tellus non|5853
10106|sit|neque|1665
10107|odio.|dui, semper et, lacinia vitae, sodales at, velit.|2812
10108|In|lorem ac risus. Morbi metus. Vivamus|1475
10109|tristique|elementum, dui quis accumsan convallis, ante lectus|5020
10110|euismod|commodo at, libero. Morbi accumsan laoreet ipsum. Curabitur|5951
10111|mus.|litora torquent per conubia nostra, per inceptos hymenaeos. Mauris ut|417
10112|vel,|leo, in lobortis tellus justo sit|8273
10113|sollicitudin|Suspendisse aliquet|4670
10114|et|massa. Quisque porttitor eros nec tellus. Nunc lectus|3063
10115|at|fringilla. Donec feugiat|8418
10116|risus.|risus odio, auctor vitae, aliquet|899
10117|purus.|eget lacus.|3118
10118|nec,|nulla. Cras eu tellus|8689
10119|pulvinar|Fusce feugiat. Lorem ipsum|5600
10120|erat,|Nam porttitor scelerisque|6502
10121|in|ipsum. Donec sollicitudin adipiscing ligula. Aenean gravida nunc|266
10122|neque|varius ultrices, mauris|208
10123|Duis|sociis natoque penatibus et magnis dis parturient montes, nascetur|6303
10124|mi|semper pretium neque. Morbi quis|9005
10125|nec|eu turpis. Nulla aliquet. Proin velit. Sed malesuada|3935
10126|lectus|orci, consectetuer euismod est|3096
10127|in|urna et arcu imperdiet ullamcorper. Duis at lacus. Quisque|7513
10128|Aliquam|vitae,|700
10129|diam.|tincidunt,|6069
10130|dui|torquent per conubia nostra, per inceptos hymenaeos. Mauris ut quam|8437
10131|morbi|faucibus lectus, a sollicitudin orci sem eget|4867
10132|amet|massa. Quisque|817
10133|fringilla|ligula. Aliquam erat|7982
10134|Duis|massa. Mauris vestibulum, neque sed dictum eleifend, nunc|3502
10135|In|ut ipsum ac mi|8608
10136|commodo|molestie tortor nibh sit amet|4544
10137|quam.|Curabitur vel lectus. Cum sociis natoque penatibus et magnis|3894
10138|elit.|dapibus ligula. Aliquam erat|2609
10139|feugiat.|libero mauris, aliquam eu, accumsan sed, facilisis|2978
10140|neque.|vulputate dui,|5376
10141|rhoncus.|arcu ac orci. Ut semper pretium neque.|4418
10142|magna.|quis, pede.|8757
10143|rhoncus|eleifend egestas. Sed pharetra, felis|7136
10144|ac|gravida non, sollicitudin a,|8854
10145|sagittis|auctor. Mauris vel turpis. Aliquam adipiscing lobortis risus. In|6767
10146|montes,|at fringilla purus mauris a nunc. In at pede.|7359
10147|lectus|sit amet, consectetuer adipiscing|1265
10148|cubilia|Cum sociis natoque penatibus et magnis|5867
10149|sed,|Suspendisse aliquet molestie tellus. Aenean egestas hendrerit neque. In ornare|6614
10150|massa.|Proin vel arcu eu odio tristique pharetra.|3358
10151|tellus|erat, eget tincidunt dui augue|8479
10152|euismod|ridiculus mus. Donec dignissim magna a tortor. Nunc commodo|2920
10153|Aliquam|arcu et pede.|7847
10154|odio|Quisque tincidunt pede|1425
10155|justo.|magna. Sed eu eros. Nam consequat|3322
10156|Proin|Nam tempor|7349
10157|augue,|ultrices, mauris|5740
10158|imperdiet,|id, blandit|995
10159|Ut|Vestibulum accumsan neque et nunc. Quisque ornare tortor|6707
10160|scelerisque|eu lacus. Quisque imperdiet, erat nonummy|3786
10161|turpis|Nam nulla|6837
10162|Integer|eget laoreet posuere, enim nisl elementum purus, accumsan|2337
10163|mi.|lectus rutrum|3564
10164|turpis.|quam, elementum at,|8917
10165|magna.|rhoncus. Donec est. Nunc ullamcorper, velit in aliquet lobortis,|7661
10166|ipsum|enim. Etiam|273
10167|et|rhoncus id, mollis nec,|6480
10168|dui.|Suspendisse tristique neque venenatis lacus.|4574
10169|ac,|consequat dolor vitae|6566
10170|fringilla|mattis ornare,|6418
10171|hendrerit|tempor bibendum. Donec felis|3069
10172|a,|ultrices sit amet, risus. Donec nibh|6180
10173|Morbi|id, mollis nec,|5725
10174|dolor|lorem fringilla ornare placerat, orci lacus vestibulum lorem,|2718
10175|nisi.|tellus non magna.|4040
10176|nec,|Integer vitae|3965
10177|dictum|at lacus. Quisque purus|5940
10178|a,|ligula. Donec luctus aliquet odio.|6041
10179|mauris,|magna nec quam. Curabitur vel lectus.|6172
10180|Morbi|non, bibendum sed, est. Nunc laoreet|378
10181|non|bibendum ullamcorper. Duis cursus, diam at pretium aliquet, metus urna|3546
10182|facilisis|pretium|9990
10183|ac|vestibulum massa rutrum magna.|5783
10184|risus.|nec enim. Nunc ut erat. Sed nunc est, mollis non,|3274
10185|elementum|Aliquam gravida|646
10186|Donec|vitae, posuere|6528
10187|elementum|at pede. Cras vulputate|1294
10188|vulputate,|Donec luctus aliquet odio. Etiam ligula tortor, dictum eu,|3432
10189|viverra.|Curae Phasellus|2791
10190|nunc|viverra. Maecenas iaculis aliquet|4420
10191|Ut|a, auctor non, feugiat nec, diam. Duis|3573
10192|at,|ut erat. Sed nunc est,|1438
10193|eget|mi felis, adipiscing fringilla, porttitor|4297
10194|interdum.|mi. Aliquam gravida mauris ut mi. Duis risus|2147
10195|pulvinar|ut eros|6664
10196|sollicitudin|tellus. Suspendisse sed dolor. Fusce mi lorem, vehicula et,|4678
10197|et,|in consequat enim|7482
10198|tincidunt|eget lacus. Mauris non dui|7611
10199|odio|sodales elit erat vitae risus. Duis a mi fringilla mi|4235
10200|ornare|tincidunt pede ac urna. Ut tincidunt|659
10201|pharetra.|tellus|7808
10202|consequat|ac turpis egestas. Aliquam fringilla cursus purus. Nullam scelerisque neque|7524
10203|in|massa. Suspendisse eleifend. Cras|5862
10204|tempus,|pharetra. Nam ac nulla. In tincidunt congue turpis. In|545
10205|rhoncus.|Quisque|2206
10206|suscipit,|elit, pretium et, rutrum non, hendrerit id, ante. Nunc mauris|4950
10207|gravida|Proin vel arcu eu odio tristique pharetra.|1084
10208|erat|eu,|298
10209|dis|aliquam, enim nec tempus scelerisque, lorem ipsum sodales purus,|6829
10210|In|sociosqu ad litora torquent per conubia nostra, per inceptos|6716
10211|molestie|metus. In lorem. Donec elementum, lorem|7378
10212|velit.|ornare|3077
10213|porttitor|Sed molestie. Sed id risus quis diam luctus lobortis. Class|346
10214|sagittis|Sed nulla ante, iaculis nec, eleifend non, dapibus|397
10215|congue|sit amet ornare|835
10216|nonummy|luctus. Curabitur egestas nunc sed libero. Proin sed turpis nec|4047
10217|nostra,|scelerisque sed, sapien.|1928
10218|non,|eu eros. Nam consequat dolor vitae dolor. Donec fringilla.|692
10219|mattis|nunc nulla vulputate dui, nec|3562
10220|erat,|pharetra nibh. Aliquam ornare, libero at auctor|5111
10221|Nullam|ridiculus mus. Donec dignissim magna|7034
10222|mi,|Maecenas libero est, congue a, aliquet vel, vulputate|2547
10223|primis|In scelerisque scelerisque dui. Suspendisse ac metus|6177
10224|Sed|nec, malesuada ut, sem. Nulla interdum. Curabitur dictum.|5912
10225|ligula.|Cras eu|4516
10226|vehicula.|Nullam feugiat placerat velit. Quisque varius.|4198
10227|ante|Morbi|9308
10228|libero|tempor arcu.|2557
10229|pretium|diam luctus lobortis. Class aptent taciti sociosqu ad litora torquent|7101
10230|convallis,|consectetuer mauris id sapien. Cras dolor|1297
10231|sit|Nullam nisl. Maecenas malesuada fringilla|9905
10232|aliquet|ipsum|3029
10233|sagittis|auctor, velit eget laoreet posuere, enim nisl elementum|8243
10234|montes,|ipsum ac mi eleifend egestas. Sed pharetra, felis eget varius|9641
10235|magna|adipiscing fringilla, porttitor vulputate, posuere vulputate, lacus.|2348
10236|posuere|tellus. Aenean egestas hendrerit|6133
10237|risus.|dui, in sodales elit erat vitae risus.|4025
10238|Duis|sollicitudin commodo ipsum.|7860
10239|nulla.|elementum sem,|8716
10240|sed|Nam ligula elit, pretium et, rutrum non, hendrerit id,|8603
10241|ligula|odio sagittis semper. Nam tempor diam|7941
10242|urna.|iaculis aliquet diam. Sed diam lorem, auctor quis,|2379
10243|Proin|Donec feugiat metus sit amet ante. Vivamus non|1524
10244|nisl.|Integer urna. Vivamus|5706
10245|Morbi|rhoncus. Donec est. Nunc ullamcorper, velit in aliquet lobortis, nisi|2986
10246|laoreet|magna. Duis dignissim tempor arcu. Vestibulum ut eros non enim|211
10247|Nunc|sed|9974
10248|luctus.|vel nisl. Quisque fringilla|312
10249|arcu|et,|9901
10250|odio.|Vestibulum ante ipsum primis in faucibus orci|2268
10251|viverra.|odio semper cursus. Integer mollis. Integer tincidunt|7959
10252|eu|convallis est, vitae sodales nisi magna|1616
10253|vitae|mollis non, cursus non, egestas a, dui. Cras pellentesque.|5899
10254|pellentesque|ut, sem. Nulla interdum. Curabitur dictum.|7420
10255|risus.|Mauris non dui nec urna suscipit|4364
10256|Nulla|facilisis eget, ipsum. Donec sollicitudin adipiscing ligula.|4180
10257|cursus|vestibulum, neque sed dictum eleifend, nunc risus varius orci, in|1430
10258|habitant|Nullam feugiat placerat velit. Quisque varius. Nam porttitor scelerisque neque.|278
10259|purus.|ultrices. Vivamus rhoncus. Donec est. Nunc ullamcorper, velit in|6426
10260|amet|ante dictum mi, ac mattis velit justo nec ante. Maecenas|946
10261|facilisis|Nunc ut erat. Sed|2088
10262|et|dolor. Nulla semper tellus id nunc interdum|1462
10263|dui.|Nunc sed|5556
10264|augue|fermentum vel, mauris. Integer sem elit, pharetra|8706
10265|fermentum|Fusce aliquet magna a neque. Nullam|2949
10266|Phasellus|nisi. Mauris nulla.|113
10267|non,|lectus rutrum urna, nec luctus felis purus ac tellus. Suspendisse|6205
10268|egestas|Sed malesuada augue ut lacus. Nulla|4216
10269|Nulla|tincidunt nibh. Phasellus nulla. Integer vulputate,|2783
10270|dui.|Nunc ullamcorper, velit in aliquet lobortis, nisi nibh lacinia|9997
10271|cursus|egestas nunc|568
10272|dui.|eu, accumsan sed, facilisis vitae, orci.|7562
10273|mollis|erat vitae risus. Duis a|3753
10274|diam|ornare placerat, orci lacus vestibulum lorem, sit amet|5244
10275|ut|fringilla mi lacinia|1155
10276|Cras|nulla. Cras eu tellus eu augue porttitor interdum.|2793
10277|sagittis|sed|1713
10278|justo.|ornare tortor|5946
10279|Nunc|metus. Aenean sed pede nec|7248
10280|Maecenas|Donec|7793
10281|sodales|lorem semper auctor. Mauris|499
10282|diam|eleifend nec, malesuada ut, sem. Nulla interdum. Curabitur dictum. Phasellus|1791
10283|non|justo sit amet nulla. Donec non justo.|9521
10284|nisl|nec tempus scelerisque, lorem ipsum sodales purus, in molestie tortor|3869
10285|pellentesque|lobortis|1163
10286|ligula.|Maecenas libero|2496
10287|nibh.|tempor bibendum. Donec|4159
10288|bibendum.|velit eu sem. Pellentesque ut|7191
10289|Phasellus|Curabitur vel lectus. Cum sociis natoque penatibus|2399
10290|nisi|aliquam arcu. Aliquam ultrices iaculis|1074
10291|ante|augue,|565
10292|Donec|tortor.|6957
10293|Suspendisse|lectus, a sollicitudin orci sem eget massa. Suspendisse|5204
10294|velit.|elit elit fermentum risus, at fringilla purus mauris|9735
10295|ornare|mollis. Integer tincidunt|9101
10296|velit|Phasellus|5349
10297|ipsum.|ac metus vitae velit egestas lacinia. Sed congue, elit sed|1987
10298|libero|nec, imperdiet nec,|3387
10299|neque|nec,|3366